Name,active,address,birthdate,email,id,mobile,photo,teams,tenure
Rachel209 Hamilton216,TRUE,"715 E Pine St, Seattle, WA 98122",10/16/1952,rhamilton866@baileyllc.com,u6zvmang,(249)228-6015x87122,https://solutions.appsheet.com/hubfs/enterprise3.png,"Alpha Team , Bravo Team",14
Johnny838 Wilson928,TRUE,"2201 E Madison St, Seattle, WA 98112",11/14/1968,jwilson@riddlethomas.biz,lgwz10oc,6580009049,https://solutions.appsheet.com/hubfs/enterprise2.png,"Alpha Team , Bravo Team",7
Colin827 Mercado187,TRUE,"7956 Molly Avenue Crescent, Woodland, Washington 79735",12/4/1959,remain_colin@burgessgroup.com,6zuwvxaf,(004)118-9343,https://solutions.appsheet.com/hs-fs/hubfs/enterprise1.png?width=1200&height=740&name=enterprise1.png,"Alpha Team , Bravo Team",22
Tyrone368 Sanchez859,TRUE,"9253 Torres Harbors Lane, West Richland, Washington 39253",11/29/1938,tsanchez@vaughntorres.com,313rcvyr,842-336-8112x192,https://solutions.appsheet.com/hubfs/enterprise3.png,"Alpha Team , Bravo Team",9
Emily975 Williams958,TRUE,"9982 Ruben Viaduct Alley, Wenatchee, Washington 85712",12/19/1996,ewilliams@gouldbirdandbrown.com,iookf1ok,(653)996-0342x37133,https://solutions.appsheet.com/hubfs/enterprise2.png,"Alpha Team , Bravo Team",2
Lauren312 Edwards994,TRUE,"2576 Escobar Orchard Backroad, Waterville, Washington 64341",5/19/1967,ledwards@thomasplc.org,txklnxn1,001-218-406-8710,https://solutions.appsheet.com/hs-fs/hubfs/enterprise1.png?width=1200&height=740&name=enterprise1.png,"Alpha Team , Bravo Team",2
Nancy714 Rios559,TRUE,"7733 Michael Oval Drive, University Place, Washington 24051",12/21/1976,nrios299@marshallllc.com,ybrxemj8,(271)374-9261,https://solutions.appsheet.com/hubfs/enterprise3.png,"Alpha Team , Bravo Team",21
Jenna221 Cooper382,TRUE,"2283 Jessica Mount Drive, Toppenish, Washington 91502",9/19/1949,jcooper@jonesandsons.com,jcj87qjz,398.471.0762,https://solutions.appsheet.com/hubfs/enterprise2.png,"Alpha Team , Bravo Team",2
Joshua687 Barton589,TRUE,"5461 Garcia Branch Rd, Thorp, Washington 85525",7/25/1967,jbarton@wellsrollinsandbooker.com,kx9088ml,(837)573-0549,https://solutions.appsheet.com/hs-fs/hubfs/enterprise1.png?width=1200&height=740&name=enterprise1.png,"Alpha Team , Bravo Team",24
John714 Gallagher605,TRUE,"8791 Martin Spring Byway, Tahuya, Washington 69583-9035",7/16/1982,jgallagher@colethomas.com,y85ao561,001-357-602-6096x69094,https://solutions.appsheet.com/hubfs/enterprise3.png,"Alpha Team , Bravo Team",5
Amber748 Ranasinghe357,TRUE,"8651 Bradley Spurs Close, Tacoma, Washington 02013",10/7/1994,door_amber@chambersschneiderandbrock.com,f0tiz30z,810-337-7236x71119,https://solutions.appsheet.com/hubfs/enterprise2.png,"Alpha Team , Bravo Team",24
Kristen562 Huseynov190,TRUE,"1738 Harris Manors Street, Seattle, Washington 51390-5182",3/14/1947,little_kristen@doylewheeler.biz,xvlmnkam,001-597-794-5662x088,https://solutions.appsheet.com/hs-fs/hubfs/enterprise1.png?width=1200&height=740&name=enterprise1.png,"Alpha Team , Bravo Team",8
Wanda239 Rush848,TRUE,"1199 Luis Tunnel Alley, Seattle, Washington 57005-6340",6/25/1952,wrush675@weberltd.net,cghii5b0,687.572.5193x911,https://solutions.appsheet.com/hubfs/enterprise3.png,"Alpha Team , Bravo Team",14
Phillip666 White266,TRUE,"2348 Jermaine Rest Drive, Ridgefield, Washington 55219",3/28/1938,different_phillip@williskingandevans.biz,dnd9bpvm,5780507555,https://solutions.appsheet.com/hubfs/enterprise2.png,"Alpha Team , Bravo Team",23
Shannon463 Hall750,TRUE,"669 Richard Extension St, Reardan, Washington 45209-9775",9/22/1991,shannonhall@hendricksrobertson.net,u9jaocet,(519)788-7029,https://solutions.appsheet.com/hs-fs/hubfs/enterprise1.png?width=1200&height=740&name=enterprise1.png,"Alpha Team , Bravo Team",25
Kendra825 Griffin588,TRUE,"2426 Noah Hollow Backroad, Rainier, Washington 17891",10/12/1964,kgriffin676@thomasmoore.com,ms8nemh0,625.429.9057x9449,https://solutions.appsheet.com/hubfs/enterprise3.png,"Alpha Team , Bravo Team",13
Michelle827 Perez113,TRUE,"2564 Erica Curve Court, Puyallup, Washington 65569",7/6/1939,mperez998@williamsolsonanddavies.info,vob8q2h8,001-222-335-8506x73465,https://solutions.appsheet.com/hubfs/enterprise2.png,"Alpha Team , Bravo Team",2
Tracy928 Jones681,FALSE,"1011 Robinson Cliffs Close, Puyallup, Washington 06285",11/18/1932,tjones@pricedean.com,uxta1wcl,001-894-513-1552x885,https://solutions.appsheet.com/hs-fs/hubfs/enterprise1.png?width=1200&height=740&name=enterprise1.png,"Alpha Team , Bravo Team",10
Scott500 Francis615,FALSE,"4611 Mitchell Plaza Boulevard, Port Townsend, Washington 57472-5703",9/25/1961,want_scott@navarrohamiltonandturner.biz,anb9d0x2,001-752-261-1468x726,https://solutions.appsheet.com/hubfs/enterprise3.png,"Alpha Team , Bravo Team",17
Devin952 Sengupta693,FALSE,"4757 Ashley Islands Road, Port Orchard, Washington 76136",7/7/1996,devinsengupta@tuckermuellerandpeters.info,qbbo94kp,001-693-340-6292,https://solutions.appsheet.com/hubfs/enterprise2.png,"Alpha Team , Bravo Team",17
Zachary512 Rivera315,FALSE,"3150 Ashley Circles Drive, Port Orchard, Washington 51593",9/29/1961,wind_zachary@wilsoninc.info,vsoe6qgq,4524651532,https://solutions.appsheet.com/hs-fs/hubfs/enterprise1.png?width=1200&height=740&name=enterprise1.png,"Alpha Team , Bravo Team",6
Tina364 Gomez492,FALSE,"132 Darren Spring Rd, Port Orchard, Washington 12925",7/9/1954,tgomez@bakergroup.com,vj3jdab0,(653)996-0342x37133,https://solutions.appsheet.com/hubfs/enterprise3.png,"Alpha Team , Bravo Team",20
Christopher248 Johnston781,FALSE,"9579 Marshall Greens Byway, Port Angeles, Washington 11264",2/14/1957,cjohnston907@robinsonmorris.info,9v86n2is,(653)996-0342x37133,https://solutions.appsheet.com/hubfs/enterprise2.png,"Alpha Team , Bravo Team",16
Samantha359 Montes377,FALSE,"9163 Kelsey View St, Port Angeles, Washington 92491-2518",12/20/2001,smontes@jonesllc.biz,fl2whk9l,100-123-5352x601,https://solutions.appsheet.com/hs-fs/hubfs/enterprise1.png?width=1200&height=740&name=enterprise1.png,"Alpha Team , Bravo Team",25
Douglas810 Harris119,FALSE,"2389 Bowers Square Way, Pacific, Washington 92304",4/27/1938,dharris@garciajones.biz,77sam08p,652-186-7071,https://solutions.appsheet.com/hubfs/enterprise3.png,"Alpha Team , Bravo Team",7
Andrew880 Fuentes730,FALSE,"5940 Gregory Prairie Byway, Orting, Washington 02060",3/8/1968,afuentes481@sanchezvilla.net,qrxzhl0y,(455)104-4549x455,https://solutions.appsheet.com/hubfs/enterprise2.png,"Alpha Team , Bravo Team",20
Heidi892 Spencer387,FALSE,"2606 Brandon Valleys Lane, Orient, Washington 85537",9/2/1976,hspencer718@moranwatson.info,ve3smj98,001-253-211-0458x61042,https://solutions.appsheet.com/hs-fs/hubfs/enterprise1.png?width=1200&height=740&name=enterprise1.png,"Alpha Team , Bravo Team",18
Wendy948 Fisher715,FALSE,"6340 Reed Gateway Place, Nordland, Washington 29194",3/28/1974,wendyfisher@danielkelly.net,490o3jf9,621.897.2285x0496,https://solutions.appsheet.com/hubfs/enterprise3.png,"Alpha Team , Bravo Team",6
Stephen405 Drake734,FALSE,"4806 Melissa Fall Way, Milton, Washington 47799",9/10/1941,sdrake@perezltd.info,npqy75vt,(675)794-6938x8547,https://solutions.appsheet.com/hubfs/enterprise2.png,"Alpha Team , Bravo Team",7
Angelica545 Spears764,FALSE,"8015 Roberson Canyon Way, Mead, Washington 36578",10/26/1992,aspears374@dickersoninc.com,wzry9as4,(660)694-8268x78035,https://solutions.appsheet.com/hs-fs/hubfs/enterprise1.png?width=1200&height=740&name=enterprise1.png,"Alpha Team , Bravo Team",9
Robert571 Ahamed577,FALSE,"1330 Henry Rapid Way, Marlin, Washington 23038",4/2/1982,say_robert@brooksgarciaandmclaughlin.com,s5mfpkhi,295.274.5148,https://solutions.appsheet.com/hubfs/enterprise3.png,"Alpha Team , Bravo Team",22
Peter261 Ohayon913,FALSE,"9595 Ashley Street St, Malaga, Washington 27271",2/11/1953,task_peter@washingtonandsons.com,7x9fd2yu,377.901.2218x340,https://solutions.appsheet.com/hubfs/enterprise2.png,"Alpha Team , Bravo Team",22
Amanda162 Romero559,FALSE,"1615 Scott Shore Road, Lopez Island, Washington 58024",7/15/1945,aromero733@palmergroup.biz,gtmnpbgt,711-397-8237,https://solutions.appsheet.com/hs-fs/hubfs/enterprise1.png?width=1200&height=740&name=enterprise1.png,"Alpha Team , Bravo Team",18
Michael209 Rodriguez471,FALSE,"7356 Jamie Centers Place, Latah, Washington 87825",12/28/1970,michaelrodriguez@jonesmitchell.com,u6l1lbk8,(653)996-0342x37133,https://solutions.appsheet.com/hubfs/enterprise3.png,"Alpha Team , Bravo Team",3
Stephanie929 Henderson393,FALSE,"6822 Sosa Motorway Drive, Lamona, Washington 02430",1/4/1938,stephaniehenderson@huangjohnsonandrobbins.com,430y3uzt,001-162-539-2361x3889,https://solutions.appsheet.com/hubfs/enterprise2.png,"Alpha Team , Bravo Team",24
Valerie639 Montgomery699,FALSE,"2762 Daniel Tunnel Circle, Issaquah, Washington 85346-7887",12/11/1950,valeriemontgomery@johnsonandsons.com,3g3bzsd7,(653)996-0342x37133,https://solutions.appsheet.com/hs-fs/hubfs/enterprise1.png?width=1200&height=740&name=enterprise1.png,"Alpha Team , Bravo Team",8
Bruce594 Williamson973,FALSE,"4313 Russell Pine Backroad, Hoquiam, Washington 88277",1/2/1942,bwilliamson746@hodgesmartin.com,joqz42vw,-6330,https://solutions.appsheet.com/hubfs/enterprise3.png,"Alpha Team , Bravo Team",21
Jacqueline594 Wilson203,FALSE,"5132 Russell Square Way, Gig Harbor, Washington 86022",9/2/1976,jwilson371@wilsonreyesandbaker.com,bb1w663c,001-758-519-4016x052,https://solutions.appsheet.com/hubfs/enterprise2.png,"Alpha Team , Bravo Team",17
Christopher530 Mitchell551,FALSE,"1760 Gonzalez Park Avenue, Gig Harbor, Washington 88217",4/19/1937,christophermitchell@byrdwilsonandpalmer.com,zobyqp7v,(653)996-0342x37133,https://solutions.appsheet.com/hs-fs/hubfs/enterprise1.png?width=1200&height=740&name=enterprise1.png,"Alpha Team , Bravo Team",16
Katie228 Love293,FALSE,"5393 Garcia Crescent Way, Fox Island, Washington 31218-9663",1/17/1999,klove@grahamreyesandsalazar.net,btr41m95,(677)922-9388,https://solutions.appsheet.com/hubfs/enterprise3.png,"Alpha Team , Bravo Team",20
Allison195 Johnson826,FALSE,"1469 Johnson Run Lane, Four Lakes, Washington 25483",8/14/1976,allisonjohnson@watsoninc.com,zzyur4pj,(703)458-0446x6568,https://solutions.appsheet.com/hubfs/enterprise2.png,"Alpha Team , Bravo Team",18
Thomas319 Joseph195,FALSE,"3205 Lynch Roads Alley, Forks, Washington 87132",7/17/1985,thomasjoseph@hatfieldgriffin.com,nwcu2pih,157-069-1379,https://solutions.appsheet.com/hs-fs/hubfs/enterprise1.png?width=1200&height=740&name=enterprise1.png,"Alpha Team , Bravo Team",20
Larry261 Bailey413,FALSE,"4319 Wolf Court Byway, Farmington, Washington 10203",3/18/1987,larrybailey@hamiltonpriceandlewis.com,wmbtk8r2,943.476.8796x233,https://solutions.appsheet.com/hubfs/enterprise3.png,"Alpha Team , Bravo Team",15
Brenda257 Cruz194,FALSE,"3678 Jessica Spring Boulevard, Ephrata, Washington 13402",7/3/1941,brendacruz@woodltd.com,3ym5tav2,001-408-620-5505x855,https://solutions.appsheet.com/hubfs/enterprise2.png,"Alpha Team , Bravo Team",10
Isaac551 Long588,FALSE,"359 Ellis Port Boulevard, Enumclaw, Washington 59941",3/18/1943,ahead_isaac@ellisgonzalesandschneider.info,bolddqvf,9698661965,https://solutions.appsheet.com/hs-fs/hubfs/enterprise1.png?width=1200&height=740&name=enterprise1.png,"Alpha Team , Bravo Team",23
Molly177 Schaefer448,FALSE,"4256 Stanley Rue Close, Elk, Washington 45031",7/12/1934,instead_molly@popesanchezandmoran.biz,jhyr9jak,(419)123-6360x45647,https://solutions.appsheet.com/hubfs/enterprise3.png,"Alpha Team , Bravo Team",12
Beth239 Brown672,FALSE,"9797 Lee Divide Backroad, Curtis, Washington 42106",4/11/1939,bbrown@thomastaylor.net,4uxf5q0j,9006207359,https://solutions.appsheet.com/hubfs/enterprise2.png,"Alpha Team , Bravo Team",13
Stephen263 Garrett549,FALSE,"9162 Peter Rest Frontage road, Curtis, Washington 16074",8/14/1967,stephengarrett@durhamhamilton.org,r46xrq91,586-955-0457x80717,https://solutions.appsheet.com/hs-fs/hubfs/enterprise1.png?width=1200&height=740&name=enterprise1.png,"Alpha Team , Bravo Team",10
David992 Torres474,FALSE,"3998 Anthony Field Boulevard, Creston, Washington 45447",12/3/1985,davidtorres@williamsllc.com,o6c077j7,2209321874,https://solutions.appsheet.com/hubfs/enterprise3.png,"Alpha Team , Bravo Team",9
Michael282 Bradley484,FALSE,"7623 Maxwell Bypass Crescent, Cinebar, Washington 38347",6/6/1942,at_michael@shafferrussell.com,kh35db66,9290172702,https://solutions.appsheet.com/hubfs/enterprise2.png,"Alpha Team , Bravo Team",5
Michele320 Park230,FALSE,"6988 Gutierrez Points Road, Chewelah, Washington 22059-3086",1/14/1933,more_michele@reidhernandez.biz,56m18h52,923180496,https://solutions.appsheet.com/hs-fs/hubfs/enterprise1.png?width=1200&height=740&name=enterprise1.png,"Alpha Team , Bravo Team",10
Susan862 Cuevas102,FALSE,"6648 Linda Dam Court, Chewelah, Washington 13304-5300",12/28/1932,scuevas871@pattersonchaseandlopez.com,i2yhajng,001-884-597-7385,https://solutions.appsheet.com/hubfs/enterprise3.png,"Alpha Team , Bravo Team",20
Charles839 Boyd438,FALSE,"2368 Griffin Junction Way, Chehalis, Washington 80995",12/3/1954,charlesboyd@gilbertandsons.biz,8moyaopi,970-569-3762x9047,https://solutions.appsheet.com/hubfs/enterprise2.png,"Alpha Team , Bravo Team",13
William358 Williamson456,FALSE,"4268 Daniel Haven Backroad, Centralia, Washington 62694",7/13/1954,williamwilliamson@deleonlewis.org,sqe26x8k,(988)404-6907,https://solutions.appsheet.com/hs-fs/hubfs/enterprise1.png?width=1200&height=740&name=enterprise1.png,"Alpha Team , Bravo Team",21
Nicole350 Johnson235,FALSE,"1886 Hernandez Loaf Alley, Burlington, Washington 42664",1/17/1940,nicolejohnson@andersoninc.info,05618sd9,(081)691-4953,https://solutions.appsheet.com/hubfs/enterprise3.png,"Alpha Team , Bravo Team",12
Brittany564 Espinoza316,FALSE,"9977 Holden Key St, Bremerton, Washington 98620",3/6/1935,bespinoza884@wintersandsons.com,wad9ukj9,-4660,https://solutions.appsheet.com/hubfs/enterprise2.png,"Alpha Team , Bravo Team",13
Cynthia571 Moore301,FALSE,"4620 Joe Gardens Avenue, Bremerton, Washington 00834",3/25/1994,cynthiamoore@huertameyer.com,oi4i4xbc,001-874-291-8206,https://solutions.appsheet.com/hs-fs/hubfs/enterprise1.png?width=1200&height=740&name=enterprise1.png,"Alpha Team , Bravo Team",3
Yvonne134 Cannon761,FALSE,"4368 William Mountains Close, Bremerton, Washington 96178",8/2/1999,ycannon@phillipsplc.com,rogzc85x,631-545-2081,https://solutions.appsheet.com/hubfs/enterprise3.png,"Alpha Team , Bravo Team",9
Helen112 Guerrero588,FALSE,"852 Barnes Motorway Boulevard, Blakely Island, Washington 93522",1/27/1973,hguerrero@cookmeyer.com,lz3y9yzm,001-130-788-8921,https://solutions.appsheet.com/hubfs/enterprise2.png,"Alpha Team , Bravo Team",6
Rachel403 Mitchell735,FALSE,"7071 Tanya Neck Alley, Beverly, Washington 31538",12/9/1965,rachelmitchell@chambersgroup.com,4q3xdzdq,837.792.3000x974,https://solutions.appsheet.com/hs-fs/hubfs/enterprise1.png?width=1200&height=740&name=enterprise1.png,"Alpha Team , Bravo Team",11
Michele609 Boyd284,FALSE,"570 Hood Islands Alley, Bay Center, Washington 79523",4/12/1992,mboyd@connerhernandezandjones.com,ol8nukeu,058.436.4652,https://solutions.appsheet.com/hubfs/enterprise3.png,"Alpha Team , Bravo Team",11
Bryan658 Barry274,FALSE,"7590 Brad Terrace Drive, Aberdeen, Washington 84511",1/23/1978,bbarry@harrisgardnerandgonzalez.com,zsbaz6ix,569-419-9879x27246,https://solutions.appsheet.com/hubfs/enterprise2.png,"Alpha Team , Bravo Team",10
Joyce968 Berger568,FALSE,"446 Stevens Track Backroad, Yakima, WA 94481",9/22/1952,joyceberger@martinezwallsandmorales.biz,igagkvf6,(653)996-0342x37133,https://solutions.appsheet.com/hs-fs/hubfs/enterprise1.png?width=1200&height=740&name=enterprise1.png,"Alpha Team , Bravo Team",22
Gabriel620 Lutz626,FALSE,"3284 Edward Junctions Drive, Westport, WA 62388",12/21/1970,glutz@alexanderinc.com,kh5n939y,(653)996-0342x37133,https://solutions.appsheet.com/hubfs/enterprise3.png,"Alpha Team , Bravo Team",23
Karen284 Gamble626,FALSE,"9670 Rose Crescent Backroad, Waverly, WA 29804-8699",12/31/1956,kgamble@vasquezplc.com,xf2t48ai,4193535778,https://solutions.appsheet.com/hubfs/enterprise2.png,"Alpha Team , Bravo Team",23
Adam357 Rodriguez733,FALSE,"4903 Thomas Knoll Route, Washtucna, WA 02579",9/29/1998,adamrodriguez@laneplc.com,s3c0jon7,(257)946-7360x0756,https://solutions.appsheet.com/hs-fs/hubfs/enterprise1.png?width=1200&height=740&name=enterprise1.png,"Alpha Team , Bravo Team",15
Andrew596 Sharp108,FALSE,"3252 Quinn Dam St, Usk, WA 20759",1/18/1946,andrewsharp@taylorllc.com,y4ih09b9,001-178-514-4148x829,https://solutions.appsheet.com/hubfs/enterprise3.png,"Alpha Team , Bravo Team",5
William913 Mullen609,FALSE,"7495 King Parkways Road, Tonasket, WA 24401",1/7/1999,williammullen@youngplc.com,f7fqcmvr,(234)135-6476x86370,https://solutions.appsheet.com/hubfs/enterprise2.png,"Alpha Team , Bravo Team",25
Renee658 Ueda124,FALSE,"7061 Meagan Junctions Rd, Tacoma, WA 34187",5/28/1964,reneeueda@bensonalexanderandcurry.org,423ageey,810.539.4868,https://solutions.appsheet.com/hs-fs/hubfs/enterprise1.png?width=1200&height=740&name=enterprise1.png,"Alpha Team , Bravo Team",25
Devin603 Watanabe709,FALSE,"2937 Sarah Corners Alley, Tacoma, WA 34585",11/1/1932,risk_devin@taylorinc.com,qw632sxb,707-979-3740x041,https://solutions.appsheet.com/hubfs/enterprise3.png,"Alpha Team , Bravo Team",13
Stephanie366 Jones333,FALSE,"9862 Paula Ford Drive, Sumner, WA 34619",8/28/1996,sjones501@santiagoandsons.com,p9rl1rgh,(306)467-0044,https://solutions.appsheet.com/hubfs/enterprise2.png,"Alpha Team , Bravo Team",20
Mia661 Evans876,FALSE,"9310 Stephanie Islands Road, Skykomish, WA 40616",9/12/1966,production_mia@burtongomez.biz,qqze09ab,(021)149-0086,https://solutions.appsheet.com/hs-fs/hubfs/enterprise1.png?width=1200&height=740&name=enterprise1.png,"Alpha Team , Bravo Team",21
Thomas692 Campbell834,FALSE,"2657 Cherry Fall Backroad, Shelton, WA 58527",8/12/1936,tcampbell443@hobbssteele.com,01se18nl,760.018.5748,https://solutions.appsheet.com/hubfs/enterprise3.png,"Alpha Team , Bravo Team",15
Michael659 Morton664,FALSE,"9890 Stacy Greens Avenue, Seattle, WA 66564",2/2/1935,mmorton737@martinezrivasandhoffman.com,2dy4ghbu,511.635.8587x53545,https://solutions.appsheet.com/hubfs/enterprise2.png,"Alpha Team , Bravo Team",5
Timothy111 Biton338,FALSE,"6941 Gina Turnpike Circle, Seattle, WA 86023",1/10/1955,timothybiton@reyeselliottandbailey.biz,i6zcjy20,(653)996-0342x37133,https://solutions.appsheet.com/hs-fs/hubfs/enterprise1.png?width=1200&height=740&name=enterprise1.png,"Alpha Team , Bravo Team",5
Nancy270 Sanchez947,FALSE,"4513 Brad Roads Way, Seattle, WA 30436",1/28/1991,nsanchez465@delacruzrossandbrewer.org,vhuavz9j,761-338-1987x08852,https://solutions.appsheet.com/hubfs/enterprise3.png,"Alpha Team , Bravo Team",15
William795 Holt299,FALSE,"3480 Smith Point Avenue, Seattle, WA 68060",7/30/1947,wholt@ortegaferguson.org,v7wwuh2h,596-662-1619x7576,https://solutions.appsheet.com/hubfs/enterprise2.png,"Alpha Team , Bravo Team",10
Theresa814 Patterson268,TRUE,"2464 Tammy Causeway Highway, Seattle, WA 53860",4/26/1968,tpatterson@stanleygarciaandwalters.biz,p0c96la5,1859033453,https://solutions.appsheet.com/hs-fs/hubfs/enterprise1.png?width=1200&height=740&name=enterprise1.png,"Alpha Team , Bravo Team",23
Kathleen283 Jackson971,TRUE,"6842 Courtney Views Frontage road, Roslyn, WA 86871",12/30/1982,kjackson198@alvaradobaileyandjohnson.com,lndt4qa6,001-269-388-0693,https://solutions.appsheet.com/hubfs/enterprise3.png,"Alpha Team , Bravo Team",12
Kristin503 Gray721,TRUE,"8952 Martinez Square Boulevard, Richland, WA 86246",7/27/1982,kgray912@johnsonsweeneyandgonzalez.com,6y2aw30h,(653)996-0342x37133,https://solutions.appsheet.com/hubfs/enterprise2.png,"Alpha Team , Bravo Team",10
Luke986 Melton614,TRUE,"8818 Ramos Rest Route, Redmond, WA 46880",8/11/1986,lmelton@lanecarterandleonard.com,7atm9tdm,-1238,https://solutions.appsheet.com/hs-fs/hubfs/enterprise1.png?width=1200&height=740&name=enterprise1.png,"Alpha Team , Bravo Team",20
Jason331 Thomas936,TRUE,"2924 Richard Crescent Avenue, Raymond, WA 35030",11/23/1951,jthomas@fleminghamptonandreynolds.net,h738fhlx,(266)892-1678x05479,https://solutions.appsheet.com/hubfs/enterprise3.png,"Alpha Team , Bravo Team",2
Tony202 Jackson455,TRUE,"6849 Kimberly Underpass Byway, Quilcene, WA 29969",1/10/1963,tjackson@oneillherman.info,igbm2w81,(621)579-2263x52865,https://solutions.appsheet.com/hubfs/enterprise2.png,"Alpha Team , Bravo Team",13
Gina494 Wallace122,TRUE,"5814 Navarro Center Avenue, Quilcene, WA 47635",3/27/1968,notice_gina@martinezcooperandcastillo.com,efv7s2vs,938-033-9389x7914,https://solutions.appsheet.com/hs-fs/hubfs/enterprise1.png?width=1200&height=740&name=enterprise1.png,"Alpha Team , Bravo Team",9
Gabriela966 Lopez831,TRUE,"6971 Mcintosh Streets Route, Pullman, WA 59560",8/8/1991,gabrielalopez@lopezwoodward.info,qv4p11lj,478.415.0475x6277,https://solutions.appsheet.com/hubfs/enterprise3.png,"Alpha Team , Bravo Team",22
Deborah480 Seong605,TRUE,"509 Allen Drive Circle, Port Townsend, WA 20875",5/12/1974,dseong974@donaldsonandsons.com,b9ssexe6,518-256-5626x829,https://solutions.appsheet.com/hubfs/enterprise2.png,"Alpha Team , Bravo Team",24
Tara240 Foster239,TRUE,"3811 Jeremy Ville Street, Port Ludlow, WA 70302",4/18/1964,research_tara@colliercohenandnelson.com,gr3tsgv3,(360)600-1967x331,https://solutions.appsheet.com/hs-fs/hubfs/enterprise1.png?width=1200&height=740&name=enterprise1.png,"Alpha Team , Bravo Team",14
Michelle754 Bell237,TRUE,"8963 Williams Inlet Court, Port Angeles, WA 89304",7/3/1963,mbell@simmonsmclaughlinandortiz.com,zkftwven,657019708,https://solutions.appsheet.com/hubfs/enterprise3.png,"Alpha Team , Bravo Team",4
Ronald579 Dawson663,TRUE,"360 Anna Roads Frontage road, Paradise Inn, WA 06996",11/19/2000,rdawson327@pattonharrisonandjordan.biz,9cvizqje,047-896-4506x5777,https://solutions.appsheet.com/hubfs/enterprise2.png,"Alpha Team , Bravo Team",4
Michael609 Oconnor450,TRUE,"5751 Graham Viaduct Frontage road, Olympia, WA 31087",8/21/1938,moconnor@williamssmall.com,4c2n52iy,679.389.8635x85509,https://solutions.appsheet.com/hs-fs/hubfs/enterprise1.png?width=1200&height=740&name=enterprise1.png,"Alpha Team , Bravo Team",5
Nathan690 Johnson997,TRUE,"7244 Ian Way Byway, Ocean Shores, WA 15023",4/23/1987,njohnson@jonesroberts.com,m7k9tiva,080.047.4738x48962,https://solutions.appsheet.com/hubfs/enterprise3.png,"Alpha Team , Bravo Team",22
Brian620 Brown107,TRUE,"4861 Thomas Fort Backroad, North Bend, WA 32306-3151",9/13/1991,bbrown870@maloneltd.info,n6uejvmu,3001041256,https://solutions.appsheet.com/hubfs/enterprise2.png,"Alpha Team , Bravo Team",18
Christopher289 Cooper449,TRUE,"8218 Herrera Crossroad Crescent, Nordland, WA 80407",5/6/1932,ccooper909@youngnewton.info,srcgx0om,450-236-8546x1165,https://solutions.appsheet.com/hs-fs/hubfs/enterprise1.png?width=1200&height=740&name=enterprise1.png,"Alpha Team , Bravo Team",11
Clinton681 Green233,TRUE,"8203 Wilson Via Route, Newport, WA 62608-5873",3/12/1978,clintongreen@masonjonesandmoore.org,37cen6wy,(445)352-5595,https://solutions.appsheet.com/hubfs/enterprise3.png,"Alpha Team , Bravo Team",1
Olivia225 Rhodes387,TRUE,"8471 Patrick Locks Alley, Naches, WA 58991-1446",8/13/1972,orhodes@hugheshernandez.net,pvonus36,7202935666,https://solutions.appsheet.com/hubfs/enterprise2.png,"Alpha Team , Bravo Team",15
Deanna513 Nichols614,TRUE,"824 Thompson Summit Avenue, Montesano, WA 86936-7469",1/24/1979,executive_deanna@allengroup.com,jhre4qrm,(653)996-0342x37133,https://solutions.appsheet.com/hs-fs/hubfs/enterprise1.png?width=1200&height=740&name=enterprise1.png,"Alpha Team , Bravo Team",16
Stephanie638 Terry585,TRUE,"4656 Kirk Dale Street, Monroe, WA 12098",1/3/1982,stephanieterry@powellthomas.org,d68urkqo,001-457-892-8309x009,https://solutions.appsheet.com/hubfs/enterprise3.png,"Alpha Team , Bravo Team",10
Rodney502 Lin609,TRUE,"9649 Mcneil Lake Way, Mccleary, WA 36496",3/31/1940,rlin523@carterberryandbarton.info,itu8uwyv,(052)129-1680,https://solutions.appsheet.com/hubfs/enterprise2.png,"Alpha Team , Bravo Team",13
Amanda635 Johnson852,TRUE,"8462 Sharp Ferry Frontage road, Lynden, WA 74884",5/25/1969,ajohnson425@matthewswalker.net,fmykuzvm,7585760831,https://solutions.appsheet.com/hs-fs/hubfs/enterprise1.png?width=1200&height=740&name=enterprise1.png,"Alpha Team , Bravo Team",25
Joseph691 Garcia170,TRUE,"1870 Smith Groves Frontage road, Loon Lake, WA 92896",6/6/1961,jgarcia@ramirezplc.com,dq5iglz7,001-411-859-7320,https://solutions.appsheet.com/hubfs/enterprise3.png,"Alpha Team , Bravo Team",24
Tracy737 Waters232,TRUE,"715 E Pine St, Seattle, WA 98122",10/2/1995,tracywaters@laneplc.net,12o5j49o,7377213458,https://solutions.appsheet.com/hubfs/enterprise2.png,"Alpha Team , Bravo Team",1
Thomas486 Garcia346,TRUE,"2201 E Madison St, Seattle, WA 98112",5/1/1992,tgarcia@lanepatel.com,vl5wunrt,001-139-119-9759,https://solutions.appsheet.com/hs-fs/hubfs/enterprise1.png?width=1200&height=740&name=enterprise1.png,"Alpha Team , Bravo Team",25
Kathryn500 Matthews829,TRUE,"7956 Molly Avenue Crescent, Woodland, Washington 79735",11/26/1934,join_kathryn@greengroup.org,6oa9lac0,432.796.5147x179,https://solutions.appsheet.com/hubfs/enterprise3.png,"Alpha Team , Bravo Team",6
Sally127 Reyes415,TRUE,"9253 Torres Harbors Lane, West Richland, Washington 39253",3/21/1946,sreyes499@blanchardmarquezandfoster.com,26k4w21b,001-687-716-3200x91816,https://solutions.appsheet.com/hubfs/enterprise2.png,"Alpha Team , Bravo Team",21
Jessica600 Holt753,TRUE,"9982 Ruben Viaduct Alley, Wenatchee, Washington 85712",1/14/1933,jholt793@barrettplc.com,y5puot52,001-287-776-6226x47182,https://solutions.appsheet.com/hs-fs/hubfs/enterprise1.png?width=1200&height=740&name=enterprise1.png,"Alpha Team , Bravo Team",16
Jasmine945 Wright936,TRUE,"2576 Escobar Orchard Backroad, Waterville, Washington 64341",12/2/1977,jwright956@calderonltd.com,rcfd7ves,(462)974-9145,https://solutions.appsheet.com/hubfs/enterprise3.png,"Alpha Team , Bravo Team",2
Lauren247 Shah575,TRUE,"7733 Michael Oval Drive, University Place, Washington 24051",4/8/1977,risk_lauren@petersonstephens.com,7228ca54,6434190927,https://solutions.appsheet.com/hubfs/enterprise2.png,"Alpha Team , Bravo Team",17
Amanda237 Wood764,TRUE,"2283 Jessica Mount Drive, Toppenish, Washington 91502",8/15/1997,awood@jimenezandsons.biz,80i4wqsr,(653)996-0342x37133,https://solutions.appsheet.com/hs-fs/hubfs/enterprise1.png?width=1200&height=740&name=enterprise1.png,"Alpha Team , Bravo Team",6
Anthony647 Mcmahon645,TRUE,"5461 Garcia Branch Rd, Thorp, Washington 85525",8/29/1937,amcmahon990@wongsteele.biz,duof97ys,-6053,https://solutions.appsheet.com/hubfs/enterprise3.png,"Alpha Team , Bravo Team",17
Robert707 Griffin696,TRUE,"8791 Martin Spring Byway, Tahuya, Washington 69583-9035",4/13/1978,rgriffin859@allenball.com,webys8pm,001-933-462-6280x3125,https://solutions.appsheet.com/hubfs/enterprise2.png,"Alpha Team , Bravo Team",2
Nathan779 Chandler960,TRUE,"8651 Bradley Spurs Close, Tacoma, Washington 02013",4/28/1944,nathanchandler@hodgesramirezandgibbs.info,lf1sj5mi,833.696.4848,https://solutions.appsheet.com/hs-fs/hubfs/enterprise1.png?width=1200&height=740&name=enterprise1.png,"Alpha Team , Bravo Team",25
Edward446 Castaneda468,TRUE,"1738 Harris Manors Street, Seattle, Washington 51390-5182",8/3/1998,time_edward@leesimmons.biz,ck15eo1l,(818)988-9205x157,https://solutions.appsheet.com/hubfs/enterprise3.png,"Alpha Team , Bravo Team",10
Cassandra915 Miller470,TRUE,"1199 Luis Tunnel Alley, Seattle, Washington 57005-6340",11/3/1963,cmiller349@youngltd.com,stpylyfm,075.989.7693x56766,https://solutions.appsheet.com/hubfs/enterprise2.png,"Alpha Team , Bravo Team",1
Linda598 Mckee286,TRUE,"2348 Jermaine Rest Drive, Ridgefield, Washington 55219",1/24/1966,lindamckee@powellrodriguez.info,u4zr9nj0,435-608-9525x5799,https://solutions.appsheet.com/hs-fs/hubfs/enterprise1.png?width=1200&height=740&name=enterprise1.png,"Alpha Team , Bravo Team",15
Edward595 Sherman762,TRUE,"669 Richard Extension St, Reardan, Washington 45209-9775",5/26/1991,esherman939@johnsonjohnsonandbaker.org,gwx2mz4n,507-366-1307x692,https://solutions.appsheet.com/hubfs/enterprise3.png,"Alpha Team , Bravo Team",23
Laurie672 Rodriguez976,TRUE,"2426 Noah Hollow Backroad, Rainier, Washington 17891",10/1/1930,lrodriguez@perrygardner.com,c400gy22,-1985,https://solutions.appsheet.com/hubfs/enterprise2.png,"Alpha Team , Bravo Team",2
Pedro967 Allen495,TRUE,"2564 Erica Curve Court, Puyallup, Washington 65569",12/25/1960,drive_pedro@smithltd.com,tlon8h68,036-640-9750x1413,https://solutions.appsheet.com/hs-fs/hubfs/enterprise1.png?width=1200&height=740&name=enterprise1.png,"Alpha Team , Bravo Team",7
Heather428 Christensen396,TRUE,"1011 Robinson Cliffs Close, Puyallup, Washington 06285",10/14/1938,box_heather@shawwatsonandwong.net,ug4by4dx,(041)013-3996,https://solutions.appsheet.com/hubfs/enterprise3.png,"Alpha Team , Bravo Team",24
Rebecca126 Clark963,TRUE,"4611 Mitchell Plaza Boulevard, Port Townsend, Washington 57472-5703",7/8/1972,rclark@walterszimmermananddoyle.org,p48ayyzm,156.911.0555,https://solutions.appsheet.com/hubfs/enterprise2.png,"Alpha Team , Bravo Team",9
Judith838 Morales722,TRUE,"4757 Ashley Islands Road, Port Orchard, Washington 76136",7/15/1975,judithmorales@williamsmillerandhawkins.org,a366147e,001-856-975-9766x927,https://solutions.appsheet.com/hs-fs/hubfs/enterprise1.png?width=1200&height=740&name=enterprise1.png,"Alpha Team , Bravo Team",15
Michael776 Herrera993,TRUE,"3150 Ashley Circles Drive, Port Orchard, Washington 51593",8/1/1998,mherrera@jenkinsgrayandramos.com,9pf3shkk,(178)372-9373,https://solutions.appsheet.com/hubfs/enterprise3.png,"Alpha Team , Bravo Team",8
James878 Cole486,TRUE,"132 Darren Spring Rd, Port Orchard, Washington 12925",7/22/1962,jcole827@harrisonstanley.org,bcso3h35,858.346.5625x615,https://solutions.appsheet.com/hubfs/enterprise2.png,"Alpha Team , Bravo Team",12
Marc657 Smith451,TRUE,"9579 Marshall Greens Byway, Port Angeles, Washington 11264",1/14/1931,msmith932@jacobsinc.com,yn2198sy,179-007-0636,https://solutions.appsheet.com/hs-fs/hubfs/enterprise1.png?width=1200&height=740&name=enterprise1.png,"Alpha Team , Bravo Team",8
Lynn379 Freeman761,TRUE,"9163 Kelsey View St, Port Angeles, Washington 92491-2518",8/12/1979,lfreeman294@obrienllc.com,17cdqqj1,001-493-373-0873x7570,https://solutions.appsheet.com/hubfs/enterprise3.png,"Alpha Team , Bravo Team",9
Jennifer429 Hendrix975,TRUE,"2389 Bowers Square Way, Pacific, Washington 92304",11/5/1976,jenniferhendrix@rowejensen.com,kjxlg56y,001-053-205-0815x4057,https://solutions.appsheet.com/hubfs/enterprise2.png,"Alpha Team , Bravo Team",18
Anne282 Pratt467,TRUE,"5940 Gregory Prairie Byway, Orting, Washington 02060",11/5/1938,apratt@brownhunt.com,qoi4f2w1,811-985-7660x027,https://solutions.appsheet.com/hs-fs/hubfs/enterprise1.png?width=1200&height=740&name=enterprise1.png,"Alpha Team , Bravo Team",4
Sue721 Swanson155,TRUE,"2606 Brandon Valleys Lane, Orient, Washington 85537",1/2/1936,sswanson@hartmanmartinandbrooks.com,cn9poin9,001-968-683-6145x7213,https://solutions.appsheet.com/hubfs/enterprise3.png,"Alpha Team , Bravo Team",16
Matthew890 Hayes334,TRUE,"6340 Reed Gateway Place, Nordland, Washington 29194",3/7/1973,stand_matthew@livingstonlittle.net,aj6q8bzr,(653)996-0342x37133,https://solutions.appsheet.com/hubfs/enterprise2.png,"Alpha Team , Bravo Team",22
Gary285 Fischer350,TRUE,"4806 Melissa Fall Way, Milton, Washington 47799",5/5/1970,gfischer@perezporter.com,2jzaevlj,001-915-200-6977,https://solutions.appsheet.com/hs-fs/hubfs/enterprise1.png?width=1200&height=740&name=enterprise1.png,"Alpha Team , Bravo Team",3
James841 Perez266,TRUE,"8015 Roberson Canyon Way, Mead, Washington 36578",2/24/1972,jamesperez@evanscombsanddavis.net,afgegh2w,-7293,https://solutions.appsheet.com/hubfs/enterprise3.png,"Alpha Team , Bravo Team",1
Rachel269 Liu482,TRUE,"1330 Henry Rapid Way, Marlin, Washington 23038",4/13/1984,rliu@brownfranklin.net,d4nmmydt,631.316.5946x953,https://solutions.appsheet.com/hubfs/enterprise2.png,"Alpha Team , Bravo Team",12
Mandy912 Rogers339,TRUE,"9595 Ashley Street St, Malaga, Washington 27271",4/19/1952,mandyrogers@butlersimpsonandporter.com,7i1wsq2g,001-938-852-6122x20479,https://solutions.appsheet.com/hs-fs/hubfs/enterprise1.png?width=1200&height=740&name=enterprise1.png,"Alpha Team , Bravo Team",25
Tracey769 Miller830,TRUE,"1615 Scott Shore Road, Lopez Island, Washington 58024",6/5/1945,able_tracey@rossgroup.com,gcvu31uu,297-651-6656,https://solutions.appsheet.com/hubfs/enterprise3.png,"Alpha Team , Bravo Team",10
Cody315 Green511,TRUE,"7356 Jamie Centers Place, Latah, Washington 87825",11/30/1967,cgreen@pettywade.info,e19hckvy,7475256930,https://solutions.appsheet.com/hubfs/enterprise2.png,"Alpha Team , Bravo Team",10
Michael656 Jones530,TRUE,"6822 Sosa Motorway Drive, Lamona, Washington 02430",4/29/2001,light_michael@boyleriveraanddavidson.net,0o4p9lpo,445.949.7050,https://solutions.appsheet.com/hs-fs/hubfs/enterprise1.png?width=1200&height=740&name=enterprise1.png,"Alpha Team , Bravo Team",6
Brian881 Banks530,TRUE,"2762 Daniel Tunnel Circle, Issaquah, Washington 85346-7887",5/9/1976,write_brian@rayinc.net,xd2ze5pt,(653)996-0342x37133,https://solutions.appsheet.com/hubfs/enterprise3.png,"Alpha Team , Bravo Team",1
Alison297 Anderson225,FALSE,"4313 Russell Pine Backroad, Hoquiam, Washington 88277",8/2/1933,front_alison@wagnerplc.com,onsohjjn,-7643,https://solutions.appsheet.com/hubfs/enterprise2.png,"Alpha Team , Bravo Team",2
Cynthia386 Reed626,FALSE,"5132 Russell Square Way, Gig Harbor, Washington 86022",10/7/2000,creed692@chavezmeyerandgreen.com,c760k5g5,001-942-921-8508x0804,https://solutions.appsheet.com/hs-fs/hubfs/enterprise1.png?width=1200&height=740&name=enterprise1.png,"Alpha Team , Bravo Team",2
David417 Gardner584,FALSE,"1760 Gonzalez Park Avenue, Gig Harbor, Washington 88217",8/9/1975,davidgardner@combsvangandkent.com,wn80fygl,(653)996-0342x37133,https://solutions.appsheet.com/hubfs/enterprise3.png,"Alpha Team , Bravo Team",7
Claudia477 Pearson782,FALSE,"5393 Garcia Crescent Way, Fox Island, Washington 31218-9663",2/13/1965,cpearson111@schwartzfosterandreed.net,dccnmn3p,(846)194-7762x2164,https://solutions.appsheet.com/hubfs/enterprise2.png,"Alpha Team , Bravo Team",20
Lori859 Gill210,FALSE,"1469 Johnson Run Lane, Four Lakes, Washington 25483",1/6/1967,lorigill@ballsellersandfoster.com,d3meagau,020-108-8421,https://solutions.appsheet.com/hs-fs/hubfs/enterprise1.png?width=1200&height=740&name=enterprise1.png,"Alpha Team , Bravo Team",4
Tammy987 Hunt733,FALSE,"3205 Lynch Roads Alley, Forks, Washington 87132",8/10/1993,important_tammy@mckeeinc.biz,nul7oajm,001-800-287-0059,https://solutions.appsheet.com/hubfs/enterprise3.png,"Alpha Team , Bravo Team",23
Crystal490 Frost645,FALSE,"4319 Wolf Court Byway, Farmington, Washington 10203",2/2/1973,cfrost128@wilsonplc.com,co6ao49i,971-584-4246x715,https://solutions.appsheet.com/hubfs/enterprise2.png,"Alpha Team , Bravo Team",18
Amanda540 Henson783,FALSE,"3678 Jessica Spring Boulevard, Ephrata, Washington 13402",4/15/1956,ahenson460@alleninc.biz,xlntetqs,(653)996-0342x37133,https://solutions.appsheet.com/hs-fs/hubfs/enterprise1.png?width=1200&height=740&name=enterprise1.png,"Alpha Team , Bravo Team",17
Joseph401 Barajas139,FALSE,"359 Ellis Port Boulevard, Enumclaw, Washington 59941",2/27/1937,jbarajas165@spencedavis.com,i3uz606v,(298)619-9009,https://solutions.appsheet.com/hubfs/enterprise3.png,"Alpha Team , Bravo Team",13
Jorge526 Gonzalez486,FALSE,"4256 Stanley Rue Close, Elk, Washington 45031",4/11/1957,jgonzalez529@moralesltd.info,n3y5w3er,458-495-1128x30356,https://solutions.appsheet.com/hubfs/enterprise2.png,"Alpha Team , Bravo Team",22
Brandi431 Pruitt522,FALSE,"9797 Lee Divide Backroad, Curtis, Washington 42106",9/11/1956,travel_brandi@campbellinc.com,y1lx1891,(653)996-0342x37133,https://solutions.appsheet.com/hs-fs/hubfs/enterprise1.png?width=1200&height=740&name=enterprise1.png,"Alpha Team , Bravo Team",19
James345 Stevens849,FALSE,"9162 Peter Rest Frontage road, Curtis, Washington 16074",7/26/1949,jstevens610@vegapowell.biz,76gb8cus,6083565626,https://solutions.appsheet.com/hubfs/enterprise3.png,"Alpha Team , Bravo Team",16
Daniel897 Brown151,FALSE,"3998 Anthony Field Boulevard, Creston, Washington 45447",7/9/1945,dbrown410@mccoylopez.com,8hujtiko,-8769,https://solutions.appsheet.com/hubfs/enterprise2.png,"Alpha Team , Bravo Team",22
Vanessa570 Kent787,FALSE,"7623 Maxwell Bypass Crescent, Cinebar, Washington 38347",5/31/1969,ago_vanessa@martinezavilaandarroyo.com,xnubgh50,466.987.3680,https://solutions.appsheet.com/hs-fs/hubfs/enterprise1.png?width=1200&height=740&name=enterprise1.png,"Alpha Team , Bravo Team",9
Lauren630 Chen998,FALSE,"6988 Gutierrez Points Road, Chewelah, Washington 22059-3086",1/24/1998,laurenchen@jacksonllc.com,g25q27fh,(653)996-0342x37133,https://solutions.appsheet.com/hubfs/enterprise3.png,"Alpha Team , Bravo Team",21
Ashley165 Ramirez471,FALSE,"6648 Linda Dam Court, Chewelah, Washington 13304-5300",11/4/1945,ashleyramirez@conwaymartin.com,wuvf0mbl,(653)996-0342x37133,https://solutions.appsheet.com/hubfs/enterprise2.png,"Alpha Team , Bravo Team",4
Andrew883 Collins991,FALSE,"2368 Griffin Junction Way, Chehalis, Washington 80995",2/21/1958,acollins353@cartercastro.com,5ahycyx3,(142)091-3902x948,https://solutions.appsheet.com/hs-fs/hubfs/enterprise1.png?width=1200&height=740&name=enterprise1.png,"Alpha Team , Bravo Team",25
Ariana262 Larsen175,FALSE,"4268 Daniel Haven Backroad, Centralia, Washington 62694",8/26/1960,alarsen@wheelerplc.net,4x5ojzkz,540.183.4015x504,https://solutions.appsheet.com/hubfs/enterprise3.png,"Alpha Team , Bravo Team",25
Kathryn613 Ryan363,FALSE,"1886 Hernandez Loaf Alley, Burlington, Washington 42664",5/14/1999,action_kathryn@joneshunterandpope.com,n3upskid,(489)321-2815x866,https://solutions.appsheet.com/hubfs/enterprise2.png,"Alpha Team , Bravo Team",2
Cheyenne338 Davis429,FALSE,"9977 Holden Key St, Bremerton, Washington 98620",1/14/1988,cheyennedavis@chenalvarez.info,8gdfj1uj,001-772-166-5079,https://solutions.appsheet.com/hs-fs/hubfs/enterprise1.png?width=1200&height=740&name=enterprise1.png,"Alpha Team , Bravo Team",8
Howard907 Lowe835,FALSE,"4620 Joe Gardens Avenue, Bremerton, Washington 00834",9/1/1982,hlowe@parkerinc.com,pakwbrsy,011.063.5199x88476,https://solutions.appsheet.com/hubfs/enterprise3.png,"Alpha Team , Bravo Team",2
Toni174 Salazar369,FALSE,"4368 William Mountains Close, Bremerton, Washington 96178",2/22/1936,tsalazar@jordanwalker.org,jr38cait,001-398-647-4284,https://solutions.appsheet.com/hubfs/enterprise2.png,"Alpha Team , Bravo Team",13
Gloria787 Gordon644,FALSE,"852 Barnes Motorway Boulevard, Blakely Island, Washington 93522",7/1/1996,gloriagordon@mccormickdickson.info,s79b0e1i,676-193-0747x809,https://solutions.appsheet.com/hs-fs/hubfs/enterprise1.png?width=1200&height=740&name=enterprise1.png,"Alpha Team , Bravo Team",24
Michelle942 Long157,FALSE,"7071 Tanya Neck Alley, Beverly, Washington 31538",4/12/1943,michellelong@lynchwileyandhowell.com,k0ifh70q,077-295-9940,https://solutions.appsheet.com/hubfs/enterprise3.png,"Alpha Team , Bravo Team",21
Curtis118 Serrano401,FALSE,"570 Hood Islands Alley, Bay Center, Washington 79523",12/27/1984,energy_curtis@kochgroup.com,wo99n6a5,9456581666,https://solutions.appsheet.com/hubfs/enterprise2.png,"Alpha Team , Bravo Team",8
Michael435 Ramirez610,FALSE,"7590 Brad Terrace Drive, Aberdeen, Washington 84511",1/16/1946,mramirez919@myershill.com,a35xukw5,(653)996-0342x37133,https://solutions.appsheet.com/hs-fs/hubfs/enterprise1.png?width=1200&height=740&name=enterprise1.png,"Alpha Team , Bravo Team",23
Samuel875 Bartlett311,FALSE,"446 Stevens Track Backroad, Yakima, WA 94481",10/19/1974,sbartlett419@coxgroup.net,712zmhqe,001-656-228-9170,https://solutions.appsheet.com/hubfs/enterprise3.png,"Alpha Team , Bravo Team",11
Michael938 Small220,FALSE,"3284 Edward Junctions Drive, Westport, WA 62388",2/17/2001,msmall@williamsplc.info,twff7cg8,(653)996-0342x37133,https://solutions.appsheet.com/hubfs/enterprise2.png,"Alpha Team , Bravo Team",9
Renee290 Clark879,FALSE,"9670 Rose Crescent Backroad, Waverly, WA 29804-8699",10/28/1969,rclark@hurstllc.com,smkernrs,211-187-8697x894,https://solutions.appsheet.com/hs-fs/hubfs/enterprise1.png?width=1200&height=740&name=enterprise1.png,"Alpha Team , Bravo Team",16
Curtis675 Edwards238,FALSE,"4903 Thomas Knoll Route, Washtucna, WA 02579",1/5/1934,cedwards@richardsonmartinandclark.com,myby3w1k,476-243-3148x670,https://solutions.appsheet.com/hubfs/enterprise3.png,"Alpha Team , Bravo Team",1
Pamela143 Yang809,FALSE,"3252 Quinn Dam St, Usk, WA 20759",8/29/1994,pamelayang@floressmithandgarcia.com,v5r52aua,592-078-0059x78789,https://solutions.appsheet.com/hubfs/enterprise2.png,"Alpha Team , Bravo Team",6
James416 Allen245,FALSE,"7495 King Parkways Road, Tonasket, WA 24401",12/3/1936,jallen743@mcdanielinc.com,vxa10rib,740.480.2762x90516,https://solutions.appsheet.com/hs-fs/hubfs/enterprise1.png?width=1200&height=740&name=enterprise1.png,"Alpha Team , Bravo Team",6
Daniel455 Moran111,FALSE,"7061 Meagan Junctions Rd, Tacoma, WA 34187",9/10/1941,dmoran492@watkinsgonzalezandhaas.com,mpnqkck9,(653)996-0342x37133,https://solutions.appsheet.com/hubfs/enterprise3.png,"Alpha Team , Bravo Team",12
Rita583 Lee402,FALSE,"2937 Sarah Corners Alley, Tacoma, WA 34585",10/30/1942,already_rita@millsllc.info,t0ajbgdw,(523)891-4447x5056,https://solutions.appsheet.com/hubfs/enterprise2.png,"Alpha Team , Bravo Team",7
Autumn310 Thompson561,FALSE,"9862 Paula Ford Drive, Sumner, WA 34619",10/30/1952,athompson@conwaygonzalez.com,zwer0bkk,(926)293-0873,https://solutions.appsheet.com/hs-fs/hubfs/enterprise1.png?width=1200&height=740&name=enterprise1.png,"Alpha Team , Bravo Team",25
Amanda785 Byrd820,FALSE,"9310 Stephanie Islands Road, Skykomish, WA 40616",11/4/1957,abyrd809@lewismooreandpotts.biz,utmecd69,(048)124-1384,https://solutions.appsheet.com/hubfs/enterprise3.png,"Alpha Team , Bravo Team",25
Cynthia696 Rodgers808,FALSE,"2657 Cherry Fall Backroad, Shelton, WA 58527",5/31/1969,crodgers802@murphyinc.biz,wx0kipns,001-660-940-4716x72786,https://solutions.appsheet.com/hubfs/enterprise2.png,"Alpha Team , Bravo Team",20
Michael970 Rivera480,FALSE,"9890 Stacy Greens Avenue, Seattle, WA 66564",4/7/1944,relate_michael@jacksonwallanddixon.com,3wak9zn4,833-008-0415,https://solutions.appsheet.com/hs-fs/hubfs/enterprise1.png?width=1200&height=740&name=enterprise1.png,"Alpha Team , Bravo Team",1
Joseph499 Delacruz645,FALSE,"6941 Gina Turnpike Circle, Seattle, WA 86023",7/16/1938,jdelacruz@moorejohnson.com,8skhchdf,613-701-5988x7334,https://solutions.appsheet.com/hubfs/enterprise3.png,"Alpha Team , Bravo Team",3
Jennifer664 Jones153,FALSE,"4513 Brad Roads Way, Seattle, WA 30436",9/28/1930,jjones323@osbornefuller.biz,fiv7c5tf,001-748-140-1656x41084,https://solutions.appsheet.com/hubfs/enterprise2.png,"Alpha Team , Bravo Team",17
Michael525 Spencer687,FALSE,"3480 Smith Point Avenue, Seattle, WA 68060",12/5/1986,so_michael@mezacox.biz,9hh400nn,(653)996-0342x37133,https://solutions.appsheet.com/hs-fs/hubfs/enterprise1.png?width=1200&height=740&name=enterprise1.png,"Alpha Team , Bravo Team",23
Theresa969 Brown358,FALSE,"2464 Tammy Causeway Highway, Seattle, WA 53860",7/3/1954,each_theresa@jordanthompson.com,9f0n9m05,7299348276,https://solutions.appsheet.com/hubfs/enterprise3.png,"Alpha Team , Bravo Team",20
Jill867 Hale720,FALSE,"6842 Courtney Views Frontage road, Roslyn, WA 86871",1/19/1960,jhale718@carneyfarrell.com,jsfz22v1,(744)687-3533,https://solutions.appsheet.com/hubfs/enterprise2.png,"Alpha Team , Bravo Team",13
Brooke788 Johnson754,FALSE,"8952 Martinez Square Boulevard, Richland, WA 86246",3/28/1973,so_brooke@gomezinc.info,rleyhvqk,526.571.6762x11559,https://solutions.appsheet.com/hs-fs/hubfs/enterprise1.png?width=1200&height=740&name=enterprise1.png,"Alpha Team , Bravo Team",17
Paul940 Taylor354,FALSE,"8818 Ramos Rest Route, Redmond, WA 46880",5/24/1966,ptaylor743@smithwatson.com,b7lptde7,891.647.1248x472,https://solutions.appsheet.com/hubfs/enterprise3.png,"Alpha Team , Bravo Team",13
Kevin733 Friedman100,FALSE,"2924 Richard Crescent Avenue, Raymond, WA 35030",5/8/1969,kfriedman@perrybentonandmiller.com,kyxzmqu7,962.861.5807,https://solutions.appsheet.com/hubfs/enterprise2.png,"Alpha Team , Bravo Team",4
Jesus234 Freeman878,FALSE,"6849 Kimberly Underpass Byway, Quilcene, WA 29969",1/20/1948,jfreeman@jacksonleeandcurtis.info,h52q4vb3,(592)775-9657x57288,https://solutions.appsheet.com/hs-fs/hubfs/enterprise1.png?width=1200&height=740&name=enterprise1.png,"Alpha Team , Bravo Team",13
Nicole817 Jacobs270,FALSE,"5814 Navarro Center Avenue, Quilcene, WA 47635",9/3/1974,njacobs@mcculloughstein.com,7d6m2pvo,005-242-7266,https://solutions.appsheet.com/hubfs/enterprise3.png,"Alpha Team , Bravo Team",13
Kayla539 Bright181,FALSE,"6971 Mcintosh Streets Route, Pullman, WA 59560",11/1/1951,kbright289@pricetaylor.com,5e6m5bis,336.331.2842x87409,https://solutions.appsheet.com/hubfs/enterprise2.png,"Alpha Team , Bravo Team",1
James313 Russell511,FALSE,"509 Allen Drive Circle, Port Townsend, WA 20875",1/21/1966,jrussell436@ellisandsons.com,e7ng8x8y,(502)757-6568x144,https://solutions.appsheet.com/hs-fs/hubfs/enterprise1.png?width=1200&height=740&name=enterprise1.png,"Alpha Team , Bravo Team",18
Kaylee270 Miller138,FALSE,"3811 Jeremy Ville Street, Port Ludlow, WA 70302",3/16/1975,summer_kaylee@bellandsons.com,qaibn41e,(648)100-5118x250,https://solutions.appsheet.com/hubfs/enterprise3.png,"Alpha Team , Bravo Team",18
Catherine921 Castro212,FALSE,"8963 Williams Inlet Court, Port Angeles, WA 89304",3/6/1967,catherinecastro@wilsonhartmanandrandall.com,3kf2fcel,010-595-8262x5893,https://solutions.appsheet.com/hubfs/enterprise2.png,"Alpha Team , Bravo Team",10
Courtney636 Austin840,FALSE,"360 Anna Roads Frontage road, Paradise Inn, WA 06996",8/13/1949,caustin@payneltd.com,1bnhi018,(948)611-6175x926,https://solutions.appsheet.com/hs-fs/hubfs/enterprise1.png?width=1200&height=740&name=enterprise1.png,"Alpha Team , Bravo Team",15
Amber903 Moran164,FALSE,"5751 Graham Viaduct Frontage road, Olympia, WA 31087",11/13/1995,amoran@leachplc.biz,m0n9vkt8,115-668-0368x1291,https://solutions.appsheet.com/hubfs/enterprise3.png,"Alpha Team , Bravo Team",5
Julia244 Payne498,FALSE,"7244 Ian Way Byway, Ocean Shores, WA 15023",10/23/1994,central_julia@guzmanross.com,fiukbux8,(697)112-0156x778,https://solutions.appsheet.com/hubfs/enterprise2.png,"Alpha Team , Bravo Team",15
William488 Sanchez827,FALSE,"4861 Thomas Fort Backroad, North Bend, WA 32306-3151",1/20/1948,wsanchez203@sanchezinc.biz,vn287vey,727.085.9126x319,https://solutions.appsheet.com/hs-fs/hubfs/enterprise1.png?width=1200&height=740&name=enterprise1.png,"Alpha Team , Bravo Team",17
Kayla313 Ramirez796,FALSE,"8218 Herrera Crossroad Crescent, Nordland, WA 80407",6/30/1975,appear_kayla@freemanwallace.info,7mt9bv8b,001-028-406-9186x9141,https://solutions.appsheet.com/hubfs/enterprise3.png,"Alpha Team , Bravo Team",4
Jennifer505 Villanueva945,FALSE,"8203 Wilson Via Route, Newport, WA 62608-5873",5/30/1979,treat_jennifer@brownlewisandcline.biz,rbp3f5ow,001-900-135-7614x304,https://solutions.appsheet.com/hubfs/enterprise2.png,"Alpha Team , Bravo Team",5
Andrew726 Martin522,FALSE,"8471 Patrick Locks Alley, Naches, WA 58991-1446",6/18/1991,amartin@phamdawsonandhughes.info,cb4p19sx,(263)879-5296x021,https://solutions.appsheet.com/hs-fs/hubfs/enterprise1.png?width=1200&height=740&name=enterprise1.png,"Alpha Team , Bravo Team",24
Jacob949 Payne125,FALSE,"824 Thompson Summit Avenue, Montesano, WA 86936-7469",1/12/1941,jpayne286@coopermillsandwalker.net,hfjura0k,611.584.9105x76087,https://solutions.appsheet.com/hubfs/enterprise3.png,"Alpha Team , Bravo Team",2
Paula387 Sampson485,FALSE,"4656 Kirk Dale Street, Monroe, WA 12098",9/1/1961,paulasampson@vaughnperezandharris.com,quk1h2wb,3353205791,https://solutions.appsheet.com/hubfs/enterprise2.png,"Alpha Team , Bravo Team",23
Patricia560 Scott157,FALSE,"9649 Mcneil Lake Way, Mccleary, WA 36496",3/7/1954,pscott493@smithrivera.com,79aowmii,208.494.2743x984,https://solutions.appsheet.com/hs-fs/hubfs/enterprise1.png?width=1200&height=740&name=enterprise1.png,"Alpha Team , Bravo Team",22
Kelly695 Davis438,FALSE,"8462 Sharp Ferry Frontage road, Lynden, WA 74884",5/4/1991,quality_kelly@hollanddunlapandharding.com,lbwku8hc,262.140.5374x503,https://solutions.appsheet.com/hubfs/enterprise3.png,"Alpha Team , Bravo Team",4
Timothy153 Valencia849,FALSE,"1870 Smith Groves Frontage road, Loon Lake, WA 92896",2/29/1984,tvalencia221@bookeranderson.com,fwn3wuci,001-254-235-1763x05138,https://solutions.appsheet.com/hubfs/enterprise2.png,"Alpha Team , Bravo Team",11